epoch,acc,loss,val_acc,val_loss
0,0.3974534216874875,0.39797328394484816,0.5782608754285004,0.2597930512998415
1,0.6697515550931418,0.21031858070481638,0.6515942060753055,0.21141451016824314
